tagName,tagCount
bigdata,4110
hadoop,1427
apache-spark,468
java,431
hive,375
mapreduce,347
python,341
r,332
database,212
mysql,189
hdfs,185
apache-pig,184
hbase,162
scala,160
sql,156
nosql,150
cassandra,131
mongodb,119
performance,90
cloudera,87
csv,87
algorithm,76
machine-learning,74
apache-storm,71
pandas,66
apache,62
postgresql,61
hadoop2,60
php,60
yarn,59
apache-kafka,58
sqoop,58
distributed-computing,56
elasticsearch,54
matlab,53
google-bigquery,52
hiveql,52
json,50
sql-server,49
analytics,48
c#,46
c++,45
flume,45
javascript,39
amazon-web-services,39
oozie,39
memory,37
dataframe,37
numpy,36
pyspark,36
hortonworks-data-platform,35
matrix,33
data-structures,32
linux,32
solr,31
graph,30
data-analysis,30
rdd,30
spark-streaming,30
parallel-processing,29
database-design,29
xml,29
join,28
apache-spark-sql,27
cluster-computing,26
large-data,26
indexing,26
data-mining,25
redis,25
impala,25
dataset,24
arrays,24
twitter,23
zookeeper,23
oracle,23
ff,23
cloud,23
mahout,22
azure,22
optimization,22
memory-management,22
file,21
search,21
cloudera-cdh,21
lucene,20
sorting,20
data-warehouse,19
logging,19
node.js,19
parquet,19
streaming,19
etl,19
neo4j,18
talend,18
parsing,18
regex,17
cluster-analysis,17
file-io,17
hadoop-streaming,17
hue,17
architecture,17
shell,17
avro,17
r-bigmemory,16
statistics,16
cassandra-2.0,16
python-2.7,16
flume-ng,15
.net,15
dictionary,15
scalability,15
ambari,15
apache-spark-mllib,15
nlp,15
sparse-matrix,15
storage,15
data.table,14
ubuntu,14
amazon-s3,14
hdf5,14
multithreading,14
large-files,14
rest,13
full-text-search,13
hdinsight,13
apache-flink,13
time-series,13
import,13
text,13
real-time,12
api,12
ffbase,12
spark-dataframe,12
scikit-learn,12
olap,12
amazon-ec2,12
k-means,12
d3.js,12
hadoop-partitioning,12
amazon-redshift,12
excel,11
bigtable,11
distributed,11
data-science,11
bash,11
design,11
data-visualization,11
hash,11
list,11
google-app-engine,11
serialization,10
business-intelligence,10
relational-database,10
caching,10
io,10
cloudera-manager,10
plot,10
kafka-consumer-api,10
amazon-dynamodb,10
cql,10
sqlite,10
android,10
data-modeling,10
installation,10
partitioning,10
datastax,10
unix,10
recommendation-engine,9
regression,9
amazon-emr,9
logstash,9
perl,9
c,9
out-of-memory,9
emr,9
for-loop,9
apache-drill,9
filesystems,9
geospatial,9
facebook,8
benchmarking,8
networking,8
logistic-regression,8
cascading,8
vector,8
graph-databases,8
cql3,8
compression,8
ggplot2,8
data-manipulation,8
pytables,8
django,8
svm,8
rdbms,8
oozie-coordinator,8
osx,8
loops,8
awk,8
elastic-map-reduce,8
visualization,8
ruby-on-rails,7
classification,7
datastore,7
mapr,7
couchdb,7
hadoop-plugins,7
text-mining,7
hierarchical-clustering,7
biginsights,7
nearest-neighbor,7
vertica,7
windows,7
split,7
python-3.x,7
string,7
date,7
schema,7
jdbc,7
prediction,7
apache-sqoop,7
data-processing,7
collections,7
apache-tez,6
grep,6
aggregation,6
webhdfs,6
google-cloud-storage,6
aggregate,6
query-optimization,6
encryption,6
ram,6
jquery,6
rdf,6
giraph,6
eclipse,6
sas,6
pentaho,6
titan,6
gis,6
scipy,6
database-performance,6
merge,6
pattern-matching,5
orc,5
sql-server-2008,5
kafka-producer-api,5
revolution-r,5
ibm,5
reshape,5
social-networking,5
multiprocessing,5
iot,5
greenplum,5
web,5
testing,5
sqldf,5
set,5
user-defined-functions,5
sbt,5
odbc,5
nltk,5
select,5
hashmap,5
export,5
concurrency,5
inner-join,5
dplyr,5
stream,5
sparql,5
apache-zeppelin,5
asp.net,5
sharding,5
google-cloud-platform,5
http,5
replace,5
flume-twitter,5
jar,5
prestodb,5
spring,5
web-applications,5
datastax-enterprise,5
splunk,5
linear-regression,5
search-engine,5
ubuntu-14.04,5
table,5
data-integration,5
kibana,5
download,5
scheduling,5
distributed-system,4
spring-xd,4
lambda,4
analysis,4
server,4
batch-processing,4
plsql,4
random-sample,4
akka,4
open-source,4
user-interface,4
google-cloud-dataflow,4
web-scraping,4
jena,4
sentiment-analysis,4
similarity,4
sql-server-2012,4
angularjs,4
read.table,4
mrjob,4
innodb,4
correlation,4
math,4
monetdb,4
informatica,4
mesos,4
virtualbox,4
distance,4
big-o,4
count,4
image,4
stxxl,4
tsql,4
distcp,4
teradata,4
high-availability,4
string-matching,4
reducers,4
asp.net-mvc,4
blazegraph,4
neural-network,4
ssh,4
email,4
sqoop2,4
apache-hive,4
ios,4
input,4
database-partitioning,4
twitter4j,4
web-crawler,4
file-processing,4
insert,4
apply,4
graph-algorithm,4
charts,4
cqlsh,4
apache-zookeeper,4
fread,4
couchbase,4
virtual-machine,4
oracle11g,4
c++11,4
docker,4
ruby,4
tm,4
freebase,4
decision-tree,4
security,4
google-analytics,4
functional-programming,4
apache-apex,4
memory-mapped-files,4
netezza,4
locality-sensitive-hash,4
clojure,4
maven,4
memcached,4
knime,4
dask,3
solrcloud,3
vagrant,3
biginteger,3
deep-learning,3
job-scheduling,3
phoenix,3
partition,3
monitoring,3
port,3
nodes,3
lucidworks,3
unique,3
matplotlib,3
glmnet,3
hibernate,3
combinatorics,3
crosstab,3
gate,3
lda,3
hyperloglog,3
logfile-analysis,3
marklogic,3
function,3
url,3
workflow,3
document,3
cron,3
web-analytics,3
mapper,3
backup,3
vmware,3
svd,3
cuda,3
core-data,3
training-data,3
telecommunication,3
lapply,3
glm,3
database-schema,3
report,3
cassandra-cli,3
orientdb,3
mobile,3
html,3
apache-nifi,3
rstudio,3
vowpalwabbit,3
git,3
computer-science,3
accumulo,3
connection,3
riak,3
facebook-graph-api,3
duplicate-removal,3
ipython,3
udf,3
fortran,3
error-handling,3
google-cloud-bigtable,3
non-relational-database,3
hcatalog,3
map,3
queue,3
command-line,3
reporting,3
java-8,3
postgresql-performance,3
data-dump,3
multidimensional-array,3
h2o,3
text-processing,3
bigsql,3
kerberos,3
aggregate-functions,3
memory-mapping,3
group-by,3
scheduler,3
xml-parsing,3
encoding,3
timestamp,3
amazon-kinesis,3
outliers,3
signal-processing,3
mariadb,3
kylin,3
document-database,3
in-memory-database,3
data-extraction,3
oop,3
reshape2,3
mahout-recommender,3
flink-streaming,3
sql-update,3
random-forest,3
hortonworks-sandbox,3
amazon-sqs,3
datetime,3
nutch,3
gremlin,3
google-hadoop,3
graph-theory,3
scalding,3
apache-falcon,3
secondary-sort,3
language-agnostic,3
unit-testing,3
geolocation,3
fuzzy-search,3
ssas,2
format,2
inverted-index,2
key-value-store,2
cross-validation,2
products,2
sed,2
union,2
task,2
masstransit,2
plyr,2
lambda-architecture,2
centos,2
mixpanel,2
image-processing,2
versioning,2
pickle,2
data-formats,2
wpf,2
ssis,2
duplicates,2
macros,2
aws-kinesis-firehose,2
n-gram,2
clustered-index,2
word-count,2
jmeter,2
webserver,2
knn,2
erlang,2
mongoimport,2
codec,2
fastq,2
shortest-path,2
grails,2
jjaql,2
latin,2
skew,2
tomcat,2
reference,2
exception,2
archive,2
nosql-aggregation,2
fluentd,2
hashset,2
information-retrieval,2
sharepoint,2
daemon,2
boost,2
textscan,2
migration,2
sockets,2
r-caret,2
curl,2
asynchronous,2
tez,2
rhadoop,2
querying,2
ipython-notebook,2
hector,2
categorical-data,2
sandbox,2
dbf,2
publish-subscribe,2
scripting,2
shark-sql,2
treasure-data,2
ip,2
key-value,2
heroku,2
automation,2
integer,2
store,2
haskell,2
sphinx,2
stored-procedures,2
diskspace,2
greatest-n-per-group,2
spatial,2
structure,2
rapidminer,2
packages,2
filesize,2
casting,2
ignite,2
data-import,2
toad,2
kryo,2
filtering,2
rabbitmq,2
google-prediction,2
netcdf,2
elephantbird,2
missing-data,2
openstreetmap,2
division,2
jvm,2
hierarchy,2
intersection,2
location,2
scatter-plot,2
sampling,2
phpmyadmin,2
transactions,2
design-patterns,2
mongoid,2
filter,2
rethinkdb,2
guava,2
bioinformatics,2
datamart,2
mrunit,2
mongodb-query,2
shiny,2
codeigniter,2
apache-crunch,2
opentsdb,2
subset,2
permutation,2
networkx,2
simulation,2
python-requests,2
tuples,2
heap,2
jobs,2
data-management,2
google-cloud-datastore,2
arangodb,2
datatable,2
text-analysis,2
data-migration,2
file-writing,2
reduce,2
sql-delete,2
sha,2
chat,2
tableau,2
amazon-cloudsearch,2
snow,2
distributed-cache,2
github,2
language-interoperability,2
model.matrix,2
curator,2
debugging,2
stream-processing,2
owl,2
jython,2
pdf,2
persistence,2
size,2
vectorization,2
happybase,2
autocomplete,2
kdb,2
bucket,2
fiware,2
hamming-distance,2
external-tables,2
high-load,2
bulkinsert,2
grid,2
distance-matrix,2
data-ingestion,2
bulk-load,2
pca,2
data-quality,2
bigtop,2
directed-acyclic-graphs,2
aggregation-framework,2
mangodb,2
storing-data,2
jsf,2
web-services,2
text-files,2
dynamically-generated,2
wikidata,2
beautifulsoup,2
ibm-bluemix,2
u-sql,2
graph-visualization,2
grouping,2
pymongo,2
data-cleaning,2
memoization,2
microstrategy,2
linq,2
column-family,2
database-connection,2
google-genomics,2
random,2
tree,2
banana,2
database-migration,2
timedelta,2
resampling,2
software-engineering,2
nxlog,2
sample-data,2
dbpedia,2
ssl,2
hadoop-archive,2
throughput,2
jasper-reports,2
integration,2
google-chrome,2
buffer,2
sqlgeography,2
gps,2
spark-jobserver,2
session,2
order,2
console,2
na,2
windows-azure-storage,2
connector,2
cygwin,2
flat-file,2
in-memory,2
add,2
fedora,2
frameworks,2
schema-design,2
crossfilter,2
hql,2
dc.js,2
matching,2
yii,2
linkedin,2
resources,2
authentication,2
qt,2
garbage-collection,2
adobe-analytics,2
matrix-multiplication,2
stack-overflow,2
cloudera-quickstart-vm,2
entity-framework,2
websocket,2
compare,2
naivebayes,2
maps,2
pagerank,2
copy,2
sql-insert,2
spring-batch,2
input-split,2
wikipedia,2
pearson,2
containers,2
shared-memory,1
user-controls,1
mclapply,1
kernel-density,1
windows-server-2008-r2,1
union-find,1
azure-search,1
tweepy,1
plm,1
hpcc,1
iteration,1
numpy-memmap,1
wso2-das,1
cep,1
sqlalchemy,1
diacritics,1
theano,1
transitivity,1
pycharm,1
xts,1
targeting,1
udp,1
character,1
drillthrough,1
runtime-error,1
partitioner,1
xcode,1
root-framework,1
lucene.net,1
angularjs-directive,1
gradle,1
pivot,1
cosine-similarity,1
which,1
data-transfer,1
memory-optimization,1
data-storage,1
left-join,1
outer-join,1
squid,1
virtualenv,1
network-programming,1
ifstream,1
beeline,1
openvz,1
amazon-data-pipeline,1
data-vault,1
information-extraction,1
fsck,1
java.util.concurrent,1
notifications,1
xampp,1
non-linear-regression,1
comparison,1
cytoscape.js,1
css,1
ultraedit,1
eigen3,1
deployment,1
pie-chart,1
smpp,1
mysql-cluster,1
mat-file,1
vsphere,1
arraylist,1
r-raster,1
full-table-scan,1
hierarchical-data,1
chunking,1
limits,1
bittorrent,1
syslog,1
3d,1
virtuoso,1
css3,1
recordreader,1
google-play,1
database-replication,1
file-manipulation,1
protege,1
raster,1
query-string,1
search-suggestion,1
topology,1
shared-data,1
rbind,1
filehash,1
oracle12c,1
line,1
libreoffice-calc,1
fork,1
semantic-web,1
loader,1
ftp,1
utf-8,1
fuzzy-comparison,1
driver,1
yum,1
redhat,1
temperature,1
pst,1
reddit,1
jsonlite,1
lob,1
amazon-simpledb,1
checkpoint,1
asp.net-web-api,1
video,1
gfs,1
categorization,1
column-oriented,1
word-list,1
head,1
excel-formula,1
pivot-table,1
model-view-controller,1
java-6,1
uuid,1
low-latency,1
file-copying,1
external-sorting,1
message-queue,1
content-management-system,1
fortran95,1
sparkcore,1
credit-card,1
rstudio-server,1
graphviz,1
secure-transport,1
conditional,1
notepad,1
powerbi,1
foreman,1
google-fusion-tables,1
f#,1
cytoscape,1
tachyon,1
filesplitting,1
triangle-count,1
proxy,1
recursive-query,1
hdf5storage,1
sequencefile,1
e-commerce,1
arcpy,1
dataprovider,1
google-search-api,1
amazon-ebs,1
blaze,1
openshift,1
kite-sdk,1
laravel,1
projects,1
pom.xml,1
streaming-algorithm,1
configuration-files,1
spatial-query,1
carrot2,1
encapsulation,1
sas-macro,1
printf,1
generated,1
performance-testing,1
rate-limiting,1
fopen,1
tensorflow,1
blob,1
parfor,1
iphone,1
view,1
qthread,1
broadcast,1
interaction,1
selectnodes,1
infobright,1
mongodb-csharp,1
labview,1
alfresco,1
go,1
jruby,1
satellite-image,1
azure-virtual-machine,1
google-cloud-ml,1
interceptor,1
data-conversion,1
extract,1
leveldb,1
doctrine2,1
resourcemanager,1
nsdocument,1
near-real-time,1
mondrian,1
subquery,1
twitter-bootstrap,1
heatmap,1
yosemite,1
rparallel,1
geotiff,1
data-export,1
date-arithmetic,1
temp-tables,1
alias,1
youtube-api,1
indexwriter,1
xsd,1
har,1
poisson,1
arq,1
lua-table,1
bytearrayoutputstream,1
crf++,1
save,1
dashboard,1
schemaless,1
generator,1
excel-2013,1
hashtable,1
rsync,1
google-api,1
nodetool,1
oltp,1
melt,1
q-lang,1
gemfire,1
sleep,1
formatting,1
routes,1
kibana-4,1
lazy-evaluation,1
permissions,1
gae-datastore,1
github-api,1
trim,1
jaspersoft-studio,1
amazon-rds,1
analytics-for-apache-hdp,1
memory-limit,1
microservices,1
iterator,1
range,1
anonymize,1
plr,1
objective-c,1
trash,1
pig-udf,1
pattern-recognition,1
bdd,1
adaboost,1
spark-cassandra-connector,1
urllib,1
disjoint-sets,1
mobile-application,1
ebay-api,1
brisk,1
markov-chains,1
nzsql,1
graphlab,1
bcp,1
apriori,1
sublimetext,1
command-line-interface,1
entropy,1
mixture-model,1
tap,1
volume,1
bitmap,1
stringtokenizer,1
get,1
dataformat,1
notepad++,1
zoo,1
time-complexity,1
combn,1
sigma.js,1
snappy,1
ipad,1
osb,1
navigator,1
lzo,1
google-plus,1
jasperserver,1
laravel-5.2,1
median,1
aerospike,1
integer-arithmetic,1
trident,1
vectorwise,1
memory-address,1
dimple.js,1
gdal,1
find-occurrences,1
frequency,1
bing-maps,1
laravel-5,1
wireshark,1
loading,1
tf-idf,1
local,1
tokudb,1
kernel,1
mongoose,1
scoring,1
graphite,1
soap,1
ods,1
psycopg2,1
external,1
jointable,1
rpart,1
power-law,1
redirect,1
jfreechart,1
pyqt,1
import-from-excel,1
data-stream,1
clickstream,1
firefox,1
pagination,1
dummy-data,1
apache-datafu,1
backend,1
aws-lambda,1
extraction,1
scoobi,1
sparkr,1
multi-dimensional-scaling,1
ebay,1
exists,1
canvas,1
xquery,1
tsv,1
traffic,1
memory-leaks,1
normal-distribution,1
network-protocols,1
lme4,1
acl,1
processing-efficiency,1
gson,1
esper,1
unix-timestamp,1
falcon,1
rodbc,1
itertools,1
ycsb,1
devops,1
manual-testing,1
loaddata,1
ajax,1
artificial-intelligence,1
formula,1
upload,1
certificate,1
opendata,1
datamodel,1
elixir,1
multilabel-classification,1
puzzle,1
mysqlimport,1
breeze,1
mdx,1
weblogic11g,1
numexpr,1
combobox,1
covariance,1
puppet,1
worksheet-function,1
scylla,1
speech-recognition,1
extjs,1
mapdb,1
dcos,1
geography,1
cdn,1
alert,1
type-conversion,1
recurrent-neural-network,1
fixed-length-record,1
tomcat7,1
java-io,1
information-schema,1
rjava,1
sax,1
readfile,1
platform,1
stata,1
opencv,1
overflow,1
mysql6,1
screen-scraping,1
ravendb,1
google-shopping-api,1
sqlcmd,1
distinct-values,1
phpcassa,1
cell,1
one-hot-encoding,1
apache-samza,1
public,1
highcharts,1
fatal-error,1
hypertable,1
azure-machine-learning,1
gpu-programming,1
sequencing,1
shuffle,1
common-crawl,1
conceptual-model,1
exadata,1
windows-phone-8.1,1
gnuplot,1
slave,1
acm,1
category,1
named-entity-extraction,1
loopbackjs,1
pycassa,1
h5py,1
zip,1
bag,1
spatial-data-frame,1
siddhi,1
cdr,1
vb.net,1
boolean-logic,1
custom-controls,1
magento,1
text-editor,1
future,1
large-data-volumes,1
pyrocms,1
blast,1
log4j,1
websense,1
spring-integration,1
confluent,1
conceptual,1
repository,1
matrix-inverse,1
binaryfiles,1
fuzzy,1
verification,1
data-cleansing,1
autoencoder,1
replication,1
bitcoin,1
counter,1
mime,1
collaboration,1
package,1
histogram,1
floating-point,1
google-visualization,1
spreadsheet,1
worker,1
fitbit,1
cross-join,1
cython,1
influxdb,1
cost-management,1
windows-clustering,1
azure-eventhub,1
gridview,1
thrift,1
cosine,1
windows-10,1
root,1
router,1
yelp,1
colt,1
startup,1
hama,1
rpc,1
linked-list,1
counting,1
ant,1
rapidjson,1
proximity,1
inputstream,1
extjs4,1
gridgain,1
lm,1
svg,1
kettle,1
velocity,1
insertion,1
iframe,1
euclidean-distance,1
r-table,1
file-upload,1
cmd,1
gzip,1
fat32,1
filechannel,1
warc,1
profiling,1
messagebroker,1
mixed-models,1
tiff,1
workbench,1
devexpress,1
string-search,1
dfs,1
scaling,1
sqlfire,1
ecm,1
log-analysis,1
google-places-api,1
storage-engines,1
ocr,1
ganglia,1
google-oauth,1
mathematical-optimization,1
jms,1
lasso,1
enumeration,1
operating-system,1
bayesian,1
modulo,1
bsxfun,1
psd,1
wso2cep,1
keystore,1
supercomputers,1
google-apps-script,1
gpgpu,1
azure-storage-tables,1
scientific-computing,1
imdb,1
bigint,1
ubuntu-12.04,1
supervised-learning,1
maxwell,1
elk-stack,1
rule-engine,1
master-slave,1
deduplication,1
viterbi,1
class,1
paas,1
laravel-4,1
ubuntu-16.04,1
mongorestore,1
sql-server-2016,1
timezone,1
http-live-streaming,1
largenumber,1
netflix,1
meteor,1
elasticsearch-dsl,1
sliding-window,1
pointers,1
activemq,1
data-lake,1
dbscan,1
file-conversion,1
orm,1
scalable,1
spool,1
data-binding,1
xpath,1
iterparse,1
ranking,1
theory,1
apache-tajo,1
driving-distance,1
recursion,1
database-comparison,1
progress-bar,1
real-time-data,1
shelve,1
command,1
html5,1
webclient-download,1
summarization,1
computer-vision,1
pthreads,1
diff,1
montecarlo,1
sasl,1
apigility,1
lookup-tables,1
quanteda,1
render-to-texture,1
block,1
apache-spark-1.5,1
mergesort,1
apache-toree,1
playframework-2.0,1
teradata-aster,1
gephi,1
runtime,1
internet-explorer,1
master,1
information-visualization,1
ascii,1
v8,1
unique-key,1
readability,1
parentheses,1
persistent-storage,1
infosphere-spl,1
line-by-line,1
path,1
64bit,1
bokeh,1
sql-server-2014,1
multicore,1
lsmeans,1
datagrid,1
temp,1
dml,1
longtext,1
swing,1
powershell,1
ntp,1
financial,1
solr4,1
ui-grid,1
mpfr,1
log4j2,1
market-basket-analysis,1
database-backups,1
jvm-languages,1
uima,1
glusterfs,1
tableau-server,1
terminal,1
random-access,1
el,1
symfony2,1
if-statement,1
word-frequency,1
google-custom-search,1
opencl,1
weka,1
mongodb-hadoop,1
concurrent-programming,1
jquery-ui,1
dygraphs,1
scheduled-tasks,1
dna-sequence,1
solr-schema,1
logical-operators,1
insert-statement,1
probability-density,1
customization,1
classnotfoundexception,1
json.net,1
node-mongodb-native,1
xpages,1
adjacency-matrix,1
multinomial,1
primefaces,1
spark-notebook,1
amazon,1
accumulator,1
overlapping,1
pyspark-sql,1
h2,1
asymptotic-complexity,1
google-chrome-app,1
tcp,1
primes,1
windows-store-apps,1
configuration-management,1
gooddata,1
subgraph,1
speech-to-text,1
subplot,1
app-engine-ndb,1
batch-file,1
virtualization,1
smalltalk,1
xgboost,1
derby,1
brute-force,1
stateful,1
splist,1
fiware-cygnus,1
economics,1
shopping-cart,1
bufferedreader,1
group,1
openacc,1
google-docs,1
cocoa,1
grid-computing,1
mysql-python,1
jsonreader,1
nullpointerexception,1
war,1
azure-storage-blobs,1
transform,1
rmongodb,1
n1ql,1
asp.net-mvc-4,1
modeling,1
lsf,1
genome,1
voltdb,1
mgcv,1
fparsec,1
p-value,1
hdf,1
nimbus,1
dimension,1
difference,1
where,1
linux-containers,1
lookup,1
discrete-mathematics,1
heap-memory,1
sqlite3,1
shrink,1
knockout.js,1
ipc,1
cassandra-0.7,1
timeout,1
distinct,1
syslog-ng,1
binary-tree,1
databricks,1
spring-cloud,1
ubuntu-13.10,1
vagrant-plugin,1
wcf,1
google-cloud-sql,1
load-testing,1
disk-io,1
intellij-idea,1
binary,1
opengl,1
noise,1
lustre,1
geocoding,1
quantization,1
logback,1
cartesian-product,1
saxparser,1
maven-2,1
computation,1
stanford-nlp,1
informatica-powercenter,1
azure-documentdb,1
readline,1
sap,1
bytearray,1
trove4j,1
collaborative-filtering,1
userid,1
sql-server-2008-r2,1
sharepoint-2010,1
unpivot,1
dstream,1
vrml,1
version,1
igraph,1
config,1
unity3d-5,1
soa,1
nfs,1
triangular,1
az-application-insights,1
lua,1
aes,1
renaming,1
combiners,1
graphql,1
time,1
solrj,1
jodatime,1
cartalyst-sentry,1
control,1
openmp,1
anomaly-detection,1
spring-data,1
three.js,1
foreach,1
numbers,1
saas,1
coordinates,1
azure-sqldw,1
multimedia,1
cxf,1
categories,1
data-type-conversion,1
installer,1
binary-search,1
text-classification,1
gridfs,1
mode,1
boinc,1
sequence,1
crm,1
analytical,1
infinite-scroll,1
iis-8,1
namenode,1
hive-udf,1
libsvm,1
timer,1
rcpp,1
gfortran,1
sql-tuning,1
reindex,1
listview,1
dataflow,1
graphics,1
transpose,1
query-builder,1
spyder,1
google-maps,1
census,1
reactjs,1
hfile,1
cassandra-2.1,1
google-trends,1
limit,1
validation,1
datagridview,1
word2vec,1
cube,1
jedis,1
null,1
sift,1
passwords,1
multiple-columns,1
numerical-computing,1
output,1
pool,1
mpi,1
openpyxl,1
statistics-bootstrap,1
weblog,1
ruby-on-rails-3,1
inode,1
unity3d,1
file-storage,1
raid,1
triplestore,1
symmetric,1
synchronization,1
query-performance,1
rendering,1
cytoscape-web,1
unsupervised-learning,1
apache-tika,1
factory-pattern,1
google-cloud-messaging,1
signature,1
shader,1
phpexcel,1
stack,1
db2,1
empty-list,1
xlsb,1
archiving,1
data-collection,1
